INSERT INTO location (location_id, address, address_2, zip, state) VALUES
    (1, '123 Center St', NULL, '84604', 'UT'),
    (2, '45 Main St', 'Suite 200', '84101', 'UT'),
    (3, '800 Tech Pkwy', NULL, '94043', 'CA'),
    (4, '77 Canyon Rd', NULL, '87501', 'NM'),
    (5, '12 River Walk', 'Bldg B', '78701', 'TX'),
    (6, '500 Market St', NULL, '94105', 'CA'),
    (7, '9000 University Ave', NULL, '92093', 'CA'),
    (8, '2100 Broadway', 'Floor 3', '80302', 'CO'),
    (9, '1600 Amphitheatre Pkwy', NULL, '94043', 'CA'),
    (10, '400 Center Street', NULL, '84601', 'UT'),
    (11, '15 Maple Ave', NULL, '10001', 'NY'),
    (12, '600 Pine St', 'Unit 12', '98101', 'WA');

INSERT INTO snack (snack_id, name) VALUES
    (1, 'Classic Chips'),
    (2, 'BBQ Chips'),
    (3, 'Salted Pretzels'),
    (4, 'Chocolate Bar'),
    (5, 'Peanut Butter Bar'),
    (6, 'Peanut Butter Cookies'),
    (7, 'Trail Mix'),
    (8, 'Granola Bar'),
    (9, 'Blueberry Muffin'),
    (10, 'Chocolate Muffin'),
    (11, 'Banana Muffin'),
    (12, 'Sparkling Water'),
    (13, 'Cola Soda'),
    (14, 'Diet Cola'),
    (15, 'Orange Soda'),
    (16, 'Energy Drink'),
    (17, 'Beef Jerky'),
    (18, 'Fruit Snacks'),
    (19, 'Gummy Bears'),
    (20, 'Sour Gummies'),
    (21, 'Almonds'),
    (22, 'Peanuts'),
    (23, 'Mixed Nuts'),
    (24, 'Yogurt Bites'),
    (25, 'Cheddar Crackers'),
    (26, 'Peanut Butter Sandwich Crackers'),
    (27, 'Oatmeal Cookie'),
    (28, 'Brownie'),
    (29, 'Protein Shake'),
    (30, 'Iced Coffee'),
    (31, 'Apple Juice'),
    (32, 'Water Bottle'),
    (33, 'Lemonade'),
    (34, 'Jalapeno Chips'),
    (35, 'Popcorn'),
    (36, 'Rice Crisps'),
    (37, 'Cheese Sticks'),
    (38, 'Fruit Cup'),
    (39, 'Cup Noodles'),
    (40, 'Spicy Ramen Cup'),
    (41, 'Granola Clusters'),
    (42, 'Dark Chocolate'),
    (43, 'Mint Gum'),
    (44, 'Peanut Protein Bar'),
    (45, 'Vegan Bar'),
    (46, 'Pretzel Sticks'),
    (47, 'Cinnamon Roll'),
    (48, 'Honey Bun'),
    (49, 'Pretzel Nuggets'),
    (50, 'Peanut Butter Pretzels');

INSERT INTO vending_machine (machine_id, location_id) VALUES
    (1, 1),
    (2, 2),
    (3, 1),
    (4, 3),
    (5, 4),
    (6, 5),
    (7, 6),
    (8, 7),
    (9, 8),
    (10, 9),
    (11, 10),
    (12, 10),
    (13, 11),
    (14, 12),
    (15, NULL);

INSERT INTO vending_machine_snack (snack_id, machine_id, slot_code, quantity, price) VALUES
    (1, 1, 'A1', 12, 1.50),
    (5, 1, 'A2', 1, 1.25),
    (3, 1, 'A3', 16, 1.50),
    (9, 1, 'A4', 12, 2.25),
    (5, 1, 'A5', 15, 1.25),
    (6, 1, 'B1', 18, 2.00),
    (7, 1, 'B2', 11, 1.75),
    (8, 1, 'B3', 16, 1.25),
    (9, 1, 'B4', 4, 2.25),
    (10, 1, 'B5', 3, 2.00),
    (26, 2, 'A1', 19, 1.75),
    (14, 2, 'A2', 19, 2.50),
    (10, 2, 'A3', 9, 2.50),
    (17, 2, 'A4', 2, 2.00),
    (18, 2, 'A5', 20, 1.50),
    (19, 2, 'B1', 11, 1.25),
    (20, 2, 'B2', 6, 1.75),
    (21, 2, 'B3', 19, 1.50),
    (22, 2, 'B4', 25, 0.75),
    (23, 2, 'B5', 17, 1.75),
    (7, 3, 'A1', 11, 1.50),
    (8, 3, 'A2', 14, 1.25),
    (9, 3, 'A3', 4, 2.25),
    (10, 3, 'A4', 9, 2.25),
    (11, 3, 'A5', 8, 2.00),
    (50, 3, 'B1', 4, 1.50),
    (13, 3, 'B2', 2, 2.50),
    (14, 3, 'B3', 11, 2.00),
    (15, 3, 'B4', 20, 1.50),
    (16, 3, 'B5', 23, 2.00),
    (10, 4, 'A1', 17, 2.00),
    (11, 4, 'A2', 8, 2.25),
    (12, 4, 'A3', 24, 2.00),
    (13, 4, 'A4', 14, 2.00),
    (14, 4, 'A5', 4, 1.50),
    (15, 4, 'B1', 11, 1.25),
    (16, 4, 'B2', 7, 3.00),
    (17, 4, 'B3', 14, 1.75),
    (18, 4, 'B4', 9, 1.50),
    (19, 4, 'B5', 2, 1.75),
    (13, 5, 'A1', 6, 2.50),
    (14, 5, 'A2', 25, 2.50),
    (15, 5, 'A3', 22, 1.75),
    (16, 5, 'A4', 8, 3.00),
    (17, 5, 'A5', 13, 2.00),
    (18, 5, 'B1', 16, 1.00),
    (19, 5, 'B2', 22, 1.75),
    (20, 5, 'B3', 17, 1.25),
    (21, 5, 'B4', 16, 2.00),
    (22, 5, 'B5', 4, 1.00),
    (16, 6, 'A1', 12, 2.00),
    (17, 6, 'A2', 21, 2.00),
    (18, 6, 'A3', 20, 1.25),
    (19, 6, 'A4', 4, 1.25),
    (20, 6, 'A5', 1, 1.25),
    (21, 6, 'B1', 2, 1.75),
    (22, 6, 'B2', 19, 1.50),
    (23, 6, 'B3', 6, 1.75),
    (24, 6, 'B4', 14, 1.00),
    (25, 6, 'B5', 22, 1.75),
    (19, 7, 'A1', 13, 1.50),
    (20, 7, 'A2', 2, 1.00),
    (21, 7, 'A3', 9, 1.75),
    (22, 7, 'A4', 10, 1.25),
    (23, 7, 'A5', 18, 0.75),
    (24, 7, 'B1', 10, 1.00),
    (25, 7, 'B2', 7, 1.75),
    (26, 7, 'B3', 1, 1.50),
    (27, 7, 'B4', 1, 1.75),
    (28, 7, 'B5', 24, 2.00),
    (22, 8, 'A1', 22, 0.75),
    (23, 8, 'A2', 7, 1.25),
    (24, 8, 'A3', 19, 1.00),
    (25, 8, 'A4', 17, 1.25),
    (26, 8, 'A5', 12, 1.75),
    (27, 8, 'B1', 0, 2.00),
    (28, 8, 'B2', 10, 1.75),
    (29, 8, 'B3', 24, 1.50),
    (30, 8, 'B4', 17, 2.50),
    (31, 8, 'B5', 8, 2.00),
    (25, 9, 'A1', 18, 1.25),
    (26, 9, 'A2', 14, 1.25),
    (27, 9, 'A3', 8, 1.50),
    (28, 9, 'A4', 4, 2.00),
    (29, 9, 'A5', 12, 1.75),
    (30, 9, 'B1', 4, 1.50),
    (31, 9, 'B2', 16, 1.75),
    (32, 9, 'B3', 14, 2.50),
    (33, 9, 'B4', 4, 3.00),
    (34, 9, 'B5', 24, 2.00),
    (28, 10, 'A1', 0, 1.25),
    (29, 10, 'A2', 10, 1.75),
    (30, 10, 'A3', 7, 1.75),
    (31, 10, 'A4', 0, 1.50),
    (32, 10, 'A5', 3, 2.50),
    (33, 10, 'B1', 22, 2.50),
    (34, 10, 'B2', 3, 0.75),
    (35, 10, 'B3', 25, 1.50),
    (36, 10, 'B4', 3, 1.00),
    (37, 10, 'B5', 11, 1.25),
    (31, 11, 'A1', 13, 2.00),
    (32, 11, 'A2', 18, 1.25),
    (33, 11, 'A3', 21, 2.50),
    (34, 11, 'A4', 10, 1.75),
    (35, 11, 'A5', 9, 2.00),
    (36, 11, 'B1', 20, 1.75),
    (37, 11, 'B2', 16, 1.25),
    (38, 11, 'B3', 21, 1.00),
    (39, 11, 'B4', 1, 2.00),
    (40, 11, 'B5', 0, 1.50),
    (34, 12, 'A1', 24, 1.00),
    (35, 12, 'A2', 11, 1.75),
    (36, 12, 'A3', 2, 1.00),
    (37, 12, 'A4', 15, 1.75),
    (38, 12, 'A5', 19, 1.25),
    (39, 12, 'B1', 14, 1.25),
    (40, 12, 'B2', 15, 1.25),
    (41, 12, 'B3', 21, 2.00),
    (42, 12, 'B4', 0, 2.00),
    (43, 12, 'B5', 17, 1.50),
    (37, 13, 'A1', 9, 1.25),
    (38, 13, 'A2', 12, 1.25),
    (39, 13, 'A3', 19, 2.00),
    (40, 13, 'A4', 10, 1.50),
    (41, 13, 'A5', 18, 1.25),
    (42, 13, 'B1', 3, 1.75),
    (43, 13, 'B2', 8, 0.75),
    (44, 13, 'B3', 6, 1.25),
    (45, 13, 'B4', 6, 1.75),
    (46, 13, 'B5', 2, 2.00),
    (40, 14, 'A1', 18, 1.50),
    (41, 14, 'A2', 18, 2.00),
    (42, 14, 'A3', 1, 1.75),
    (43, 14, 'A4', 15, 1.00),
    (44, 14, 'A5', 23, 2.00),
    (45, 14, 'B1', 7, 1.25),
    (46, 14, 'B2', 24, 2.00),
    (47, 14, 'B3', 14, 1.75),
    (48, 14, 'B4', 12, 2.00),
    (49, 14, 'B5', 17, 1.25),
    (43, 15, 'A1', 0, 1.00),
    (44, 15, 'A2', 0, 1.50),
    (45, 15, 'A3', 0, 1.50),
    (46, 15, 'A4', 19, 1.25),
    (47, 15, 'A5', 4, 1.75),
    (48, 15, 'B1', 2, 1.50),
    (49, 15, 'B2', 21, 1.75),
    (50, 15, 'B3', 25, 1.25),
    (1, 15, 'B4', 11, 1.25),
    (2, 15, 'B5', 17, 2.00);

INSERT INTO nutrition (
    snack_id, serving_size, serving_per, calories, total_fat, saturated_fat, trans_fat,
    cholesterol, sodium, total_carbohydrate, fiber, total_sugars, added_sugars, protein,
    additional_info, ingredients
) VALUES
    (1, '1 bag (45g)', 1, 230, 14, 2, 0, 0, 190, 22, 2, 1, 0, 3, NULL, 'Potatoes or grains, vegetable oil, salt, seasoning'),
    (2, '1 bag (45g)', 1, 230, 14, 2, 0, 0, 190, 22, 2, 1, 0, 3, NULL, 'Potatoes or grains, vegetable oil, salt, seasoning'),
    (3, '1 bag (45g)', 1, 230, 14, 2, 0, 0, 190, 22, 2, 1, 0, 3, NULL, 'Potatoes or grains, vegetable oil, salt, seasoning'),
    (4, '1 piece (50g)', 1, 250, 12, 7, 0, 10, 180, 34, 2, 24, 22, 3, NULL, 'Sugar, wheat flour, cocoa, milk, soy lecithin'),
    (5, '1 pack (50g)', 1, 220, 8, 2, 0, 0, 140, 34, 3, 16, 12, 6, NULL, 'Oats, sugar, nuts, dried fruit, flavorings'),
    (6, '1 piece (50g)', 1, 250, 12, 7, 0, 10, 180, 34, 2, 24, 22, 3, NULL, 'Sugar, wheat flour, cocoa, milk, soy lecithin'),
    (7, '1 pack (50g)', 1, 220, 8, 2, 0, 0, 140, 34, 3, 16, 12, 6, NULL, 'Oats, sugar, nuts, dried fruit, flavorings'),
    (8, '1 pack (50g)', 1, 220, 8, 2, 0, 0, 140, 34, 3, 16, 12, 6, NULL, 'Oats, sugar, nuts, dried fruit, flavorings'),
    (9, '1 muffin (90g)', 1, 330, 12, 3, 0, 35, 320, 50, 1, 28, 24, 5, NULL, 'Enriched flour, sugar, eggs, vegetable oil, natural flavors'),
    (10, '1 muffin (90g)', 1, 330, 12, 3, 0, 35, 320, 50, 1, 28, 24, 5, NULL, 'Enriched flour, sugar, eggs, vegetable oil, natural flavors'),
    (11, '1 muffin (90g)', 1, 330, 12, 3, 0, 35, 320, 50, 1, 28, 24, 5, NULL, 'Enriched flour, sugar, eggs, vegetable oil, natural flavors'),
    (12, '1 can (355mL)', 1, 0, 0, 0, 0, 0, 5, 0, 0, 0, 0, 0, NULL, 'Water'),
    (13, '1 can (355mL)', 1, 150, 0, 0, 0, 0, 45, 41, 0, 41, 41, 0, NULL, 'Carbonated water, high fructose corn syrup, caramel color, phosphoric acid, natural flavors, caffeine'),
    (14, '1 can (355mL)', 1, 0, 0, 0, 0, 0, 40, 0, 0, 0, 0, 0, NULL, 'Carbonated water, caramel color, phosphoric acid, aspartame, natural flavors, caffeine'),
    (15, '1 can (355mL)', 1, 150, 0, 0, 0, 0, 45, 41, 0, 41, 41, 0, NULL, 'Carbonated water, high fructose corn syrup, caramel color, phosphoric acid, natural flavors, caffeine'),
    (16, '1 can (355mL)', 1, 160, 0, 0, 0, 0, 200, 41, 0, 39, 39, 0, 'Contains caffeine', 'Carbonated water, sugar, citric acid, taurine, natural flavors, caffeine'),
    (17, '1 pack (28g)', 1, 80, 1, 0, 0, 25, 590, 5, 0, 4, 3, 11, NULL, 'Beef, soy sauce, sugar, spices'),
    (18, '1 pack (50g)', 1, 220, 8, 2, 0, 0, 140, 34, 3, 16, 12, 6, NULL, 'Oats, sugar, nuts, dried fruit, flavorings'),
    (19, '1 pack (50g)', 1, 220, 8, 2, 0, 0, 140, 34, 3, 16, 12, 6, NULL, 'Oats, sugar, nuts, dried fruit, flavorings'),
    (20, '1 pack (50g)', 1, 220, 8, 2, 0, 0, 140, 34, 3, 16, 12, 6, NULL, 'Oats, sugar, nuts, dried fruit, flavorings'),
    (21, '1 pack (43g)', 1, 170, 14, 2, 0, 0, 95, 6, 2, 1, 0, 6, NULL, 'Nuts, salt'),
    (22, '1 pack (43g)', 1, 170, 14, 2, 0, 0, 95, 6, 2, 1, 0, 6, NULL, 'Nuts, salt'),
    (23, '1 pack (43g)', 1, 170, 14, 2, 0, 0, 120, 6, 2, 1, 0, 6, NULL, 'Nuts, salt'),
    (24, '1 pack (50g)', 1, 220, 8, 2, 0, 0, 140, 34, 3, 16, 12, 6, NULL, 'Oats, sugar, nuts, dried fruit, flavorings'),
    (25, '1 bag (45g)', 1, 230, 14, 2, 0, 0, 190, 22, 2, 1, 0, 3, NULL, 'Potatoes or grains, vegetable oil, salt, seasoning'),
    (26, '1 bag (45g)', 1, 230, 14, 2, 0, 0, 190, 22, 2, 1, 0, 3, NULL, 'Potatoes or grains, vegetable oil, salt, seasoning'),
    (27, '1 piece (50g)', 1, 250, 12, 7, 0, 10, 180, 34, 2, 24, 22, 3, NULL, 'Sugar, wheat flour, cocoa, milk, soy lecithin'),
    (28, '1 piece (50g)', 1, 250, 12, 7, 0, 10, 180, 34, 2, 24, 22, 3, NULL, 'Sugar, wheat flour, cocoa, milk, soy lecithin'),
    (29, '1 bottle (325mL)', 1, 230, 6, 1, 0, 15, 220, 15, 2, 4, 0, 30, NULL, 'Milk protein, water, cocoa, natural flavors, vitamins and minerals'),
    (30, '1 bottle (300mL)', 1, 160, 3, 2, 0, 10, 120, 26, 0, 24, 20, 6, NULL, 'Brewed coffee, milk, sugar, cocoa, natural flavors'),
    (31, '1 bottle (350mL)', 1, 170, 0, 0, 0, 0, 15, 41, 0, 39, 0, 0, NULL, 'Apple juice from concentrate, water, ascorbic acid'),
    (32, '1 bottle (500mL)', 1, 0, 0, 0, 0, 0, 5, 0, 0, 0, 0, 0, NULL, 'Water'),
    (33, '1 bottle (355mL)', 1, 180, 0, 0, 0, 0, 10, 46, 0, 44, 40, 0, NULL, 'Water, sugar, lemon juice, natural flavors'),
    (34, '1 bag (45g)', 1, 230, 14, 2, 0, 0, 190, 22, 2, 1, 0, 3, NULL, 'Potatoes or grains, vegetable oil, salt, seasoning'),
    (35, '1 bag (45g)', 1, 230, 14, 2, 0, 0, 190, 22, 2, 1, 0, 3, NULL, 'Potatoes or grains, vegetable oil, salt, seasoning'),
    (36, '1 bag (45g)', 1, 230, 14, 2, 0, 0, 190, 22, 2, 1, 0, 3, NULL, 'Potatoes or grains, vegetable oil, salt, seasoning'),
    (37, '1 stick (28g)', 1, 80, 6, 4, 0, 20, 180, 1, 0, 0, 0, 6, NULL, 'Pasteurized milk, cheese cultures, salt, enzymes'),
    (38, '1 cup (113g)', 1, 70, 0, 0, 0, 0, 10, 17, 1, 15, 0, 0, NULL, 'Fruit, fruit juice'),
    (39, '1 cup (70g)', 1, 360, 12, 6, 0, 5, 980, 52, 2, 2, 0, 8, NULL, 'Wheat noodles, seasoning (salt, soy sauce powder, spices), palm oil'),
    (40, '1 cup (70g)', 1, 390, 15, 7, 0, 5, 1150, 55, 2, 2, 0, 9, NULL, 'Wheat noodles, seasoning (salt, soy sauce powder, spices), palm oil');
